#EXP,SPEARMAN ZERO,SPEARMAN COMMON,KENDALLTAU ZERO,KENDALLTAU COMMON,PEARSON ZERO,PEARSON COMMON
01_5_allbutsyn,0.999951023479,0.999994219509,0.998564026943,0.999505781312,0.995357734438,0.994900689959
01_10_allbutsyn,0.999946461936,0.999994157696,0.9984671582,0.999492705151,0.991127223204,0.990472055571
05_5_allbutsyn,0.999939198635,0.999991817535,0.998600574055,0.999430215013,0.995379531953,0.994557597446
005_10_allbutsyn,0.999933492735,0.999991102719,0.998227185987,0.999369468696,0.996819959369,0.996367964646
05_10_allbutsyn,0.999939926054,0.999982130817,0.998696780861,0.999159961975,0.9919025758,0.990760420748
005_5_allbutsyn,0.999946373478,0.999992511325,0.998400408109,0.999435849797,0.995319379648,0.995199933764
