#EXP,SPEARMAN ZERO,SPEARMAN COMMON,KENDALLTAU ZERO,KENDALLTAU COMMON,PEARSON ZERO,PEARSON COMMON
01_5_allbutsyn,0.991416107574,0.99999906,0.968045468097,0.999731425788,0.973020775301,0.998567419143
01_10_allbutsyn,0.989065704585,0.999998513909,0.962652588874,0.999666112442,0.969057038844,0.98923259399
05_5_allbutsyn,0.99370553139,0.999999320473,0.974287784294,0.999801979415,0.978427403819,0.997396947007
005_10_allbutsyn,0.985935374001,0.999997819229,0.955494312701,0.999556413166,0.972227025804,0.998542867878
05_10_allbutsyn,0.992023109434,0.999999214465,0.969994192498,0.999775516417,0.980303778803,0.997264318216
005_5_allbutsyn,0.988934578431,0.99999858708,0.961876526386,0.999651119154,0.974540143412,0.992118327567
