#EXP,SPEARMAN ZERO,SPEARMAN COMMON,KENDALLTAU ZERO,KENDALLTAU COMMON,PEARSON ZERO,PEARSON COMMON
01_5_allbutsyn,0.893391893794,0.999987290038,0.89727047917,0.998566400996,0.835465747525,0.903338167885
01_10_allbutsyn,0.855349276128,0.999978044102,0.866004823138,0.998243326778,0.830107424875,0.899917603197
05_5_allbutsyn,0.648147134191,0.999992964577,0.726692275536,0.999055883019,0.737187695847,0.822535151682
005_10_allbutsyn,0.924721866645,0.999977062502,0.908978666948,0.997940918689,0.86415152495,0.934221492359
05_10_allbutsyn,0.543141801503,0.999986180819,0.644379458047,0.998739255267,0.706128341029,0.804554759572
005_5_allbutsyn,0.945189356466,0.999983192946,0.928555572053,0.998257793522,0.852560393829,0.925185139074
