#EXP,SPEARMAN ZERO,SPEARMAN COMMON,KENDALLTAU ZERO,KENDALLTAU COMMON,PEARSON ZERO,PEARSON COMMON
01_5_allbutsyn,0.899979534568,0.999988038344,0.901889825266,0.998656360765,0.833314903897,0.900788281408
01_10_allbutsyn,0.869973838297,0.999985053438,0.876279349085,0.998499327843,0.829202218394,0.899886810392
05_5_allbutsyn,0.647471970257,0.999994033018,0.726014842848,0.999143528334,0.73535309661,0.825456782464
005_10_allbutsyn,0.932049924351,0.999978701514,0.914169741913,0.99808593946,0.860608865477,0.930701286263
05_10_allbutsyn,0.566492270334,0.999987482984,0.661717266965,0.998824598253,0.709220232171,0.812003616956
005_5_allbutsyn,0.952640970393,0.999984730501,0.933726652544,0.99834400264,0.853827061745,0.923555720487
