#EXP,SPEARMAN ZERO,SPEARMAN COMMON,KENDALLTAU ZERO,KENDALLTAU COMMON,PEARSON ZERO,PEARSON COMMON
01_5_nonsyn,0.900551228247,0.999987793971,0.896728494234,0.998607959495,0.807084061157,0.890294860408
05_5_nonsyn,0.638618570816,0.99999229404,0.713923372823,0.999014870206,0.729569681814,0.826110948049
01_10_nonsyn,0.867369220499,0.99998511288,0.868489478947,0.998438301753,0.799861250071,0.891480470358
005_5_nonsyn,0.946668655277,0.999979796922,0.923751285405,0.998142710036,0.824379508432,0.924462227843
05_10_nonsyn,0.571462397065,0.999987256219,0.659957040745,0.998784923234,0.698672380365,0.810993891489
005_10_nonsyn,0.934242832414,0.999970521202,0.909737602941,0.99781638154,0.831175595692,0.94021424508
