#EXP,SPEARMAN ZERO,SPEARMAN COMMON,KENDALLTAU ZERO,KENDALLTAU COMMON,PEARSON ZERO,PEARSON COMMON
01_5_syn,0.625235848969,0.999764397942,0.543742042601,0.992459952113,0.7427216621,0.843961617375
005_5_syn,0.63798027336,0.999732202091,0.546990700103,0.991400749122,0.692475733849,0.80144593575
05_10_syn,0.0958782518405,0.999861232555,0.131202757594,0.994540895733,0.766327044126,0.819718394981
01_10_syn,0.565424398673,0.999688530725,0.493393947456,0.991182689792,0.763831254609,0.908487139634
05_5_syn,0.248507991508,0.999852723994,0.257922006503,0.994583426767,0.767270234237,0.812448180145
005_10_syn,0.608340152631,0.999619544566,0.520711857125,0.989927520242,0.669654363796,0.814519886832
