#EXP,SPEARMAN ZERO,SPEARMAN COMMON,KENDALLTAU ZERO,KENDALLTAU COMMON,PEARSON ZERO,PEARSON COMMON
01_5_syn,0.705947605749,0.999969695828,0.609258144873,0.997698671182,0.824149416473,0.97839959259
005_5_syn,0.669411368802,0.99996405975,0.574191769354,0.997179428548,0.816091562005,0.971531202266
05_10_syn,0.741546857717,0.999984394411,0.644414169538,0.9984936748,0.82483020124,0.979792913695
01_10_syn,0.688253569192,0.999964918874,0.59256580832,0.997393356769,0.815503176209,0.993013093173
05_5_syn,0.757759345681,0.999981417108,0.660338851761,0.998325003844,0.846105915856,0.997376497612
005_10_syn,0.651350697642,0.99994947847,0.55760928404,0.996788152371,0.797435743632,0.974275150047
