#EXP,SPEARMAN ZERO,SPEARMAN COMMON,KENDALLTAU ZERO,KENDALLTAU COMMON,PEARSON ZERO,PEARSON COMMON
01_5_syn,0.905027241565,0.997974590145,0.868476756784,0.981257511536,0.717815684997,0.762322688592
005_5_syn,0.946429927366,0.996946474839,0.893913803162,0.975515201404,0.67239060184,0.649325635806
05_10_syn,0.550067168164,0.99841984895,0.604956577959,0.98391457181,0.563594930384,0.814685797
01_10_syn,0.880289502667,0.997677922729,0.85002414629,0.979682199621,0.737818349929,0.771217664265
05_5_syn,0.614114864729,0.99865700742,0.654159685903,0.985532636175,0.55389784805,0.795544451875
005_10_syn,0.936455464865,0.996673355792,0.886105984904,0.974195364482,0.650831220027,0.616835836009
